Designator,Footprint,Quantity,Value,LCSC Part #
"C1001, C1101, C1201, C1301, C401, C501, C601, C701, C801, C901, C902",C_Disc_D3.0mm_W1.6mm_P2.50mm,11,100nF,
"C402, C502, C602, C702, C802, C903",CP_Radial_D5.0mm_P2.00mm,6,10uF,
D901,TO-220-3_Vertical,1,D_Schottky_Dual_CommonCathode_AAK,
DC901,D24V90F5,1,D24V90F5,
"F901, F902",Fuse_Bourns_MF-RHT1000,2,Fuse,
IC201,TEENSY41,1,TEENSY_4.1,
J101,JST_XA_B06B-XASK-1_1x06_P2.50mm_Vertical,1,JST 2.56mm,
"J102, J105, J110, J601, J701, J801, J907",JST_XH_B4B-XH-A_1x04_P2.50mm_Vertical,7,JST 2.56mm,
"J103, J104",PinHeader_1x04_P2.54mm_Vertical,2,JST 2.56mm,
"J107, J108",JST_XH_B2B-XH-A_1x02_P2.50mm_Vertical,2,JST 2.56mm,
"J109, J111",JST_XH_B5B-XH-A_1x05_P2.50mm_Vertical,2,JST 2.56mm,
"J112, J113",JST_XH_B3B-XH-A_1x03_P2.50mm_Vertical,2,JST 2.56mm,
J114,PinSocket_1x12_P2.54mm_Vertical,1,Conn_01x12_Pin,
"J401, J501",JST_XH_B3B-XH-A_1x03_P2.50mm_Vertical,2,Conn_01x03_Male,
"J901, J904",TerminalBlock_Philmore_TB132_1x02_P5.00mm_Horizontal,2,ARK 5mm,
"J902, J903",BarrelJack_Horizontal,2,Barrel_Jack_MountingPin,
"J905, J906",JST_XH_B2B-XH-A_1x02_P2.50mm_Vertical,2,JST 2.54mm,
"R1001, R1101, R1201, R1301",R_Axial_DIN0204_L3.6mm_D1.6mm_P7.62mm_Horizontal,4,100R,
"R101, R102, R103, R104",R_Axial_DIN0204_L3.6mm_D1.6mm_P7.62mm_Horizontal,4,4.7k,
"SW1001, SW1101, SW1201, SW1301",Tact Switch 6x6mm 5mm,4,SW_Push,
U901,TO-220-3_Horizontal_TabDown,1,AZ1117-3.3,
